{
  "key":"puzzle_timer",
  "width":4,
  "height":1,
  "pos":{
    "X":0,
    "Y":-144
  },
  "elements":[
    {
      "key":"puzzle_timer",
      "text":"-",
      "color":{
        "R":0.9607843137254902,
        "G":0.9607843137254902,
        "B":0.9607843137254902,
        "A":1
      },
      "type":"text",
      "anchor":{
        "X":0,
        "Y":0.5
      }
    }
  ]
}