{
  "key":"puzzle_title",
  "width":6,
  "height":1,
  "pos":{
    "X":0,
    "Y":144
  },
  "elements":[
    {
      "key":"puzzle_title_shadow",
      "text":"-",
      "color":{
        "R":0.9607843137254902,
        "G":0.9607843137254902,
        "B":0.9607843137254902,
        "A":1
      },
      "pos":{
        "X":0,
        "Y":-1
      },
      "type":"text",
      "anchor":{
        "X":0,
        "Y":0.5
      }
    },
    {
      "key":"puzzle_title",
      "text":"-",
      "color":{
        "R":0.9607843137254902,
        "G":0.9607843137254902,
        "B":0.9607843137254902,
        "A":1
      },
      "type":"text",
      "anchor":{
        "X":0,
        "Y":0.5
      }
    }
  ]
}